Q_Hadamard,Q_X,Q_Z,Q_Entanglement
0.7071067811865475,0,1,(1+0j)
0.7071067811865475,1,0,0j
0.0,0,0,0j
0.0,0,0,0j
0.0,0,0,0j
